episode,env_return,steps,epsilon
0,-1.0,16,1.0
1,-1.0,51,0.9981
2,-1.0,11,0.9962
3,-1.0,1,0.9943
4,-1.0,44,0.9924
5,-1.0,7,0.9905
6,-1.0,9,0.9886
7,-1.0,4,0.9867
8,-1.0,4,0.9848
9,-1.0,22,0.9829
10,-1.0,15,0.981
11,-1.0,1,0.9791
12,-1.0,3,0.9772
13,-1.0,2,0.9753000000000001
14,-1.0,2,0.9734
15,-1.0,1,0.9715
16,-1.0,36,0.9696
17,-1.0,9,0.9677
18,-1.0,34,0.9658
19,-1.0,7,0.9639
20,-1.0,2,0.962
21,-1.0,1,0.9601
22,-1.0,4,0.9582
23,-1.0,4,0.9563
24,-1.0,42,0.9544
25,-1.0,45,0.9525
26,-1.0,6,0.9506
27,-1.0,4,0.9487
28,-1.0,4,0.9468
29,-1.0,33,0.9449
30,-1.0,5,0.9430000000000001
31,-1.0,1,0.9411
32,-1.0,6,0.9392
33,-1.0,16,0.9373
34,-1.0,55,0.9354
35,-1.0,7,0.9335
36,-1.0,21,0.9316
37,-1.0,40,0.9297
38,-1.0,1,0.9278
39,-1.0,1,0.9259
40,-1.0,1,0.924
41,-1.0,100,0.9221
42,-1.0,4,0.9202
43,-1.0,6,0.9183
44,-1.0,5,0.9164
45,-1.0,2,0.9145
46,-1.0,3,0.9126
47,-1.0,58,0.9107000000000001
48,-1.0,5,0.9088
49,-1.0,46,0.9069
50,-1.0,4,0.905
51,-1.0,32,0.9031
52,-1.0,2,0.9012
53,-1.0,44,0.8993
54,-1.0,7,0.8974
55,-1.0,4,0.8955
56,-1.0,46,0.8936
57,-1.0,3,0.8917
58,-1.0,29,0.8898
59,-1.0,33,0.8879
60,-1.0,2,0.886
61,-1.0,38,0.8841
62,-1.0,70,0.8822
63,-1.0,2,0.8803
64,-1.0,1,0.8784
65,-1.0,12,0.8765000000000001
66,-1.0,9,0.8746
67,-1.0,1,0.8727
68,-1.0,1,0.8708
69,-1.0,31,0.8689
70,-1.0,22,0.867
71,-1.0,10,0.8651
72,-1.0,2,0.8632
73,-1.0,61,0.8613
74,-1.0,52,0.8594
75,-1.0,3,0.8575
76,-1.0,57,0.8556
77,-1.0,1,0.8537
78,-1.0,1,0.8518
79,-1.0,1,0.8499
80,-1.0,1,0.848
81,-1.0,2,0.8461
82,-1.0,5,0.8442000000000001
83,-1.0,2,0.8423
84,-1.0,1,0.8404
85,0.0,100,0.8385
86,-1.0,55,0.8366
87,0.0,100,0.8347
88,-1.0,32,0.8328
89,-1.0,24,0.8309
90,-1.0,1,0.829
91,-1.0,1,0.8271
92,-1.0,36,0.8252
93,-1.0,3,0.8233
94,-1.0,2,0.8214
95,-1.0,5,0.8195
96,-1.0,59,0.8176
97,-1.0,4,0.8157
98,0.0,100,0.8138
99,-1.0,33,0.8119000000000001
100,-1.0,18,0.81
101,-1.0,1,0.8081
102,-1.0,1,0.8062
103,-1.0,1,0.8043
104,-1.0,42,0.8024
105,-1.0,2,0.8005
106,-1.0,12,0.7986
107,-1.0,4,0.7967
108,-1.0,45,0.7948
109,-1.0,49,0.7929
110,-1.0,1,0.791
111,-1.0,4,0.7891
112,-1.0,4,0.7872
113,-1.0,3,0.7853
114,-1.0,45,0.7834
115,-1.0,2,0.7815
116,-1.0,3,0.7796
117,-1.0,29,0.7777000000000001
118,-1.0,40,0.7758
119,1.0,25,0.7739
120,-1.0,1,0.772
121,-1.0,5,0.7701
122,-1.0,79,0.7682
123,-1.0,2,0.7663
124,-1.0,1,0.7644
125,-1.0,7,0.7625
126,-1.0,51,0.7605999999999999
127,-1.0,1,0.7587
128,-1.0,5,0.7568
129,-1.0,52,0.7549
130,-1.0,34,0.753
131,-1.0,42,0.7511
132,0.0,100,0.7492
133,-1.0,4,0.7473000000000001
134,-1.0,1,0.7454000000000001
135,-1.0,72,0.7435
136,-1.0,10,0.7416
137,-1.0,1,0.7397
138,-1.0,29,0.7378
139,-1.0,2,0.7359
140,-1.0,2,0.734
141,-1.0,4,0.7321
142,-1.0,3,0.7302
143,-1.0,42,0.7283000000000001
144,-1.0,31,0.7264
145,-1.0,3,0.7245
146,-1.0,1,0.7226
147,-1.0,47,0.7207
148,-1.0,87,0.7188000000000001
149,-1.0,2,0.7169000000000001
150,-1.0,1,0.7150000000000001
151,-1.0,4,0.7131000000000001
152,-1.0,6,0.7112
153,1.0,57,0.7093
154,-1.0,4,0.7074
155,-1.0,1,0.7055
156,-1.0,3,0.7036
157,0.0,100,0.7017
158,-1.0,11,0.6998
159,1.0,88,0.6979
160,-1.0,10,0.696
161,-1.0,1,0.6940999999999999
162,-1.0,25,0.6921999999999999
163,-1.0,48,0.6903
164,0.0,100,0.6884
165,-1.0,1,0.6865
166,-1.0,36,0.6846
167,-1.0,19,0.6827
168,-1.0,1,0.6808000000000001
169,-1.0,1,0.6789000000000001
170,-1.0,50,0.677
171,-1.0,8,0.6751
172,-1.0,21,0.6732
173,0.0,100,0.6713
174,1.0,83,0.6694
175,1.0,99,0.6675
176,-1.0,1,0.6656
177,-1.0,1,0.6637
178,1.0,45,0.6618
179,-1.0,3,0.6599
180,1.0,78,0.658
181,-1.0,51,0.6561
182,-1.0,5,0.6542
183,-1.0,36,0.6523000000000001
184,1.0,50,0.6504000000000001
185,-1.0,68,0.6485000000000001
186,1.0,45,0.6466000000000001
187,-1.0,1,0.6447
188,-1.0,1,0.6428
189,-1.0,30,0.6409
190,-1.0,27,0.639
191,-1.0,10,0.6371
192,-1.0,62,0.6352
193,-1.0,87,0.6333
194,-1.0,13,0.6314
195,0.0,100,0.6295
196,-1.0,47,0.6275999999999999
197,-1.0,7,0.6256999999999999
198,-1.0,85,0.6238
199,-1.0,38,0.6219
200,-1.0,2,0.62
201,-1.0,1,0.6181
202,0.0,100,0.6162
203,1.0,67,0.6143000000000001
204,-1.0,23,0.6124
205,-1.0,2,0.6105
206,1.0,40,0.6086
207,-1.0,43,0.6067
208,0.0,100,0.6048
209,1.0,58,0.6029
210,-1.0,1,0.601
211,-1.0,10,0.5991
212,1.0,46,0.5972
213,-1.0,14,0.5953
214,-1.0,68,0.5934
215,-1.0,7,0.5915
216,-1.0,6,0.5896
217,-1.0,67,0.5877
218,-1.0,10,0.5858000000000001
219,-1.0,56,0.5839000000000001
220,-1.0,26,0.5820000000000001
221,-1.0,10,0.5801000000000001
222,1.0,67,0.5782
223,1.0,42,0.5763
224,-1.0,42,0.5744
225,-1.0,1,0.5725
226,1.0,62,0.5706
227,1.0,58,0.5687
228,1.0,22,0.5668
229,-1.0,1,0.5649
230,1.0,36,0.563
231,-1.0,4,0.5610999999999999
232,1.0,27,0.5591999999999999
233,1.0,40,0.5573
234,-1.0,1,0.5554
235,-1.0,18,0.5535000000000001
236,-1.0,1,0.5516000000000001
237,1.0,33,0.5497000000000001
238,1.0,54,0.5478000000000001
239,-1.0,1,0.5459
240,1.0,36,0.544
241,1.0,43,0.5421
242,-1.0,5,0.5402
243,1.0,72,0.5383
244,-1.0,63,0.5364
245,1.0,51,0.5345
246,-1.0,56,0.5326
247,1.0,60,0.5307
248,-1.0,37,0.5288
249,1.0,57,0.5269
250,-1.0,27,0.525
251,-1.0,22,0.5231
252,1.0,21,0.5212
253,-1.0,47,0.5193000000000001
254,-1.0,36,0.5174000000000001
255,-1.0,1,0.5155000000000001
256,1.0,48,0.5136000000000001
257,1.0,64,0.5117
258,-1.0,1,0.5098
259,-1.0,1,0.5079
260,-1.0,6,0.506
261,-1.0,1,0.5041
262,-1.0,30,0.5022
263,1.0,53,0.5003
264,-1.0,30,0.49839999999999995
265,1.0,55,0.49650000000000005
266,1.0,47,0.49460000000000004
267,1.0,34,0.4927
268,1.0,31,0.4908
269,-1.0,1,0.4889
270,1.0,34,0.487
271,1.0,56,0.4851
272,1.0,28,0.48319999999999996
273,1.0,32,0.48129999999999995
274,-1.0,1,0.47939999999999994
275,1.0,36,0.47750000000000004
276,1.0,28,0.4756
277,1.0,28,0.4737
278,1.0,39,0.4718
279,-1.0,7,0.4699
280,-1.0,2,0.46799999999999997
281,1.0,17,0.46609999999999996
282,1.0,31,0.46420000000000006
283,-1.0,7,0.46230000000000004
284,1.0,36,0.46040000000000003
285,1.0,32,0.4585
286,-1.0,1,0.4566000000000001
287,1.0,25,0.4547000000000001
288,-1.0,1,0.4528000000000001
289,1.0,26,0.4509000000000001
290,-1.0,1,0.44900000000000007
291,1.0,28,0.44710000000000005
292,1.0,30,0.44520000000000004
293,1.0,30,0.4433
294,1.0,26,0.4414
295,1.0,32,0.4395
296,1.0,43,0.4376000000000001
297,1.0,17,0.4357000000000001
298,1.0,46,0.4338000000000001
299,-1.0,3,0.43190000000000006
300,1.0,51,0.43000000000000005
301,1.0,97,0.42810000000000004
302,1.0,77,0.4262
303,-1.0,54,0.4243
304,-1.0,37,0.4224
305,-1.0,1,0.4205
306,0.0,100,0.4186000000000001
307,1.0,99,0.41670000000000007
308,-1.0,93,0.41480000000000006
309,0.0,100,0.41290000000000004
310,1.0,59,0.41100000000000003
311,1.0,26,0.4091
312,1.0,44,0.4072
313,-1.0,1,0.4053
314,-1.0,1,0.4034
315,1.0,38,0.4015000000000001
316,1.0,33,0.39960000000000007
317,1.0,82,0.39770000000000005
318,1.0,48,0.39580000000000004
319,1.0,34,0.39390000000000003
320,1.0,42,0.392
321,-1.0,1,0.3901
322,1.0,29,0.3882
323,-1.0,1,0.3863
324,1.0,35,0.38439999999999996
325,-1.0,11,0.38250000000000006
326,1.0,37,0.38060000000000005
327,1.0,63,0.37870000000000004
328,-1.0,32,0.3768
329,1.0,41,0.3749
330,1.0,28,0.373
331,1.0,40,0.3711
332,1.0,43,0.3692
333,1.0,51,0.36729999999999996
334,1.0,40,0.36539999999999995
335,1.0,32,0.36350000000000005
336,1.0,23,0.36160000000000003
337,1.0,30,0.3597
338,1.0,34,0.3578
339,1.0,27,0.3559
340,1.0,30,0.354
341,1.0,27,0.35209999999999997
342,1.0,30,0.35019999999999996
343,-1.0,19,0.34829999999999994
344,1.0,21,0.34640000000000004
345,1.0,24,0.34450000000000003
346,1.0,34,0.3426000000000001
347,1.0,20,0.3407000000000001
348,1.0,26,0.3388000000000001
349,1.0,25,0.3369000000000001
350,1.0,21,0.3350000000000001
351,1.0,24,0.33310000000000006
352,-1.0,22,0.33120000000000005
353,1.0,28,0.32930000000000004
354,1.0,20,0.3274
355,1.0,35,0.3255
356,1.0,19,0.3236000000000001
357,1.0,23,0.3217000000000001
358,1.0,19,0.3198000000000001
359,1.0,26,0.31790000000000007
360,1.0,18,0.31600000000000006
361,-1.0,20,0.31410000000000005
362,1.0,28,0.31220000000000003
363,1.0,24,0.3103
364,1.0,38,0.3084
365,-1.0,1,0.3065
366,1.0,22,0.3046000000000001
367,1.0,19,0.3027000000000001
368,1.0,30,0.30080000000000007
369,1.0,37,0.29890000000000005
370,1.0,23,0.29700000000000004
371,1.0,22,0.29510000000000003
372,-1.0,1,0.2932
373,1.0,27,0.2913
374,1.0,24,0.2894
375,1.0,28,0.2875000000000001
376,1.0,24,0.2856000000000001
377,1.0,30,0.28370000000000006
378,-1.0,1,0.28180000000000005
379,1.0,21,0.27990000000000004
380,1.0,26,0.278
381,1.0,25,0.2761
382,1.0,22,0.2742
383,-1.0,1,0.2723
384,1.0,28,0.2704
385,1.0,21,0.26850000000000007
386,1.0,23,0.26660000000000006
387,1.0,22,0.26470000000000005
388,1.0,17,0.26280000000000003
389,-1.0,9,0.2609
390,1.0,19,0.259
391,1.0,17,0.2571
392,-1.0,18,0.2552
393,1.0,18,0.25329999999999997
394,1.0,20,0.25139999999999996
395,1.0,36,0.24950000000000006
396,1.0,28,0.24760000000000004
397,1.0,23,0.24570000000000003
398,1.0,20,0.24380000000000002
399,1.0,19,0.2419
400,1.0,31,0.24
401,-1.0,26,0.23809999999999998
402,1.0,20,0.23619999999999997
403,-1.0,6,0.23429999999999995
404,1.0,21,0.23239999999999994
405,1.0,28,0.23050000000000004
406,1.0,23,0.22860000000000003
407,1.0,19,0.22670000000000012
408,1.0,23,0.2248000000000001
409,1.0,21,0.2229000000000001
410,1.0,20,0.22100000000000009
411,1.0,29,0.21910000000000007
412,1.0,26,0.21720000000000006
413,1.0,27,0.21530000000000005
414,1.0,23,0.21340000000000003
415,1.0,20,0.21150000000000002
416,1.0,21,0.20960000000000012
417,1.0,24,0.2077000000000001
418,1.0,25,0.2058000000000001
419,1.0,29,0.20390000000000008
420,-1.0,3,0.20200000000000007
421,1.0,20,0.20010000000000006
422,1.0,26,0.19820000000000004
423,1.0,17,0.19630000000000003
424,1.0,21,0.19440000000000002
425,-1.0,1,0.1925
426,-1.0,1,0.1906000000000001
427,1.0,22,0.1887000000000001
428,1.0,25,0.18680000000000008
429,1.0,22,0.18490000000000006
430,1.0,21,0.18300000000000005
431,1.0,18,0.18110000000000004
432,1.0,17,0.17920000000000003
433,1.0,19,0.1773
434,1.0,22,0.1754
435,1.0,18,0.1735
436,1.0,19,0.17160000000000009
437,1.0,27,0.16970000000000007
438,1.0,18,0.16780000000000006
439,1.0,18,0.16590000000000005
440,-1.0,1,0.16400000000000003
441,1.0,18,0.16210000000000002
442,-1.0,3,0.1602
443,1.0,22,0.1583
444,1.0,19,0.15639999999999998
445,1.0,19,0.15450000000000008
446,1.0,21,0.15260000000000007
447,1.0,20,0.15070000000000006
448,1.0,18,0.14880000000000004
449,1.0,19,0.14690000000000003
450,1.0,18,0.14500000000000002
451,1.0,25,0.1431
452,-1.0,1,0.1412
453,1.0,19,0.13929999999999998
454,1.0,19,0.13739999999999997
455,1.0,19,0.13550000000000006
456,1.0,27,0.13360000000000005
457,1.0,20,0.13170000000000004
458,-1.0,1,0.12980000000000003
459,1.0,18,0.1279
460,1.0,19,0.126
461,1.0,17,0.12409999999999999
462,-1.0,1,0.12219999999999998
463,1.0,18,0.12029999999999996
464,1.0,18,0.11839999999999995
465,1.0,17,0.11650000000000005
466,1.0,17,0.11460000000000004
467,1.0,19,0.11270000000000002
468,1.0,20,0.11080000000000001
469,1.0,20,0.10890000000000011
470,1.0,22,0.1070000000000001
471,1.0,19,0.10510000000000008
472,1.0,17,0.10320000000000007
473,1.0,19,0.10130000000000006
474,1.0,18,0.09940000000000004
475,1.0,18,0.09750000000000003
476,1.0,17,0.09560000000000013
477,1.0,17,0.09370000000000012
478,1.0,19,0.0918000000000001
479,1.0,17,0.08990000000000009
480,1.0,17,0.08800000000000008
481,1.0,20,0.08610000000000007
482,1.0,19,0.08420000000000005
483,1.0,20,0.08230000000000004
484,1.0,17,0.08040000000000003
485,1.0,17,0.07850000000000001
486,1.0,19,0.07660000000000011
487,1.0,18,0.0747000000000001
488,1.0,17,0.07280000000000009
489,1.0,19,0.07090000000000007
490,1.0,21,0.06900000000000006
491,1.0,17,0.06710000000000005
492,1.0,19,0.06520000000000004
493,1.0,19,0.06330000000000002
494,1.0,20,0.06140000000000001
495,1.0,18,0.0595
496,1.0,18,0.057600000000000096
497,1.0,19,0.05570000000000008
498,1.0,17,0.05380000000000007
499,1.0,17,0.05190000000000006
500,1.0,17,0.050000000000000044
501,1.0,19,0.050000000000000044
502,1.0,17,0.050000000000000044
503,1.0,18,0.050000000000000044
504,1.0,17,0.050000000000000044
505,1.0,19,0.050000000000000044
506,1.0,17,0.050000000000000044
507,1.0,17,0.050000000000000044
508,1.0,18,0.050000000000000044
509,1.0,18,0.050000000000000044
510,1.0,19,0.050000000000000044
511,1.0,18,0.050000000000000044
512,1.0,19,0.050000000000000044
513,1.0,19,0.050000000000000044
514,1.0,18,0.050000000000000044
515,1.0,20,0.050000000000000044
516,1.0,19,0.050000000000000044
517,1.0,19,0.050000000000000044
518,1.0,19,0.050000000000000044
519,1.0,17,0.050000000000000044
520,1.0,17,0.050000000000000044
521,1.0,17,0.050000000000000044
522,1.0,21,0.050000000000000044
523,1.0,17,0.050000000000000044
524,1.0,17,0.050000000000000044
525,1.0,17,0.050000000000000044
526,1.0,17,0.050000000000000044
527,1.0,17,0.050000000000000044
528,1.0,18,0.050000000000000044
529,1.0,17,0.050000000000000044
530,1.0,20,0.050000000000000044
531,1.0,19,0.050000000000000044
532,1.0,17,0.050000000000000044
533,1.0,17,0.050000000000000044
534,1.0,22,0.050000000000000044
535,1.0,18,0.050000000000000044
536,1.0,17,0.050000000000000044
537,1.0,17,0.050000000000000044
538,1.0,17,0.050000000000000044
539,1.0,21,0.050000000000000044
540,1.0,18,0.050000000000000044
541,1.0,18,0.050000000000000044
542,1.0,17,0.050000000000000044
543,1.0,19,0.050000000000000044
544,1.0,19,0.050000000000000044
545,1.0,18,0.050000000000000044
546,1.0,20,0.050000000000000044
547,1.0,17,0.050000000000000044
548,1.0,17,0.050000000000000044
549,1.0,18,0.050000000000000044
550,1.0,19,0.050000000000000044
551,1.0,17,0.050000000000000044
552,1.0,19,0.050000000000000044
553,1.0,17,0.050000000000000044
554,1.0,17,0.050000000000000044
555,1.0,17,0.050000000000000044
556,1.0,17,0.050000000000000044
557,1.0,17,0.050000000000000044
558,1.0,19,0.050000000000000044
559,1.0,20,0.050000000000000044
560,1.0,17,0.050000000000000044
561,1.0,18,0.050000000000000044
562,1.0,17,0.050000000000000044
563,1.0,19,0.050000000000000044
564,1.0,17,0.050000000000000044
565,1.0,17,0.050000000000000044
566,1.0,17,0.050000000000000044
567,1.0,17,0.050000000000000044
568,1.0,19,0.050000000000000044
569,1.0,17,0.050000000000000044
570,1.0,17,0.050000000000000044
571,1.0,19,0.050000000000000044
572,1.0,17,0.050000000000000044
573,1.0,19,0.050000000000000044
574,1.0,17,0.050000000000000044
575,1.0,17,0.050000000000000044
576,1.0,18,0.050000000000000044
577,1.0,18,0.050000000000000044
578,1.0,17,0.050000000000000044
579,1.0,18,0.050000000000000044
580,1.0,17,0.050000000000000044
581,1.0,17,0.050000000000000044
582,1.0,17,0.050000000000000044
583,1.0,19,0.050000000000000044
584,1.0,17,0.050000000000000044
585,1.0,19,0.050000000000000044
586,1.0,20,0.050000000000000044
587,1.0,18,0.050000000000000044
588,1.0,17,0.050000000000000044
589,1.0,20,0.050000000000000044
590,1.0,17,0.050000000000000044
591,1.0,17,0.050000000000000044
592,1.0,20,0.050000000000000044
593,1.0,17,0.050000000000000044
594,1.0,18,0.050000000000000044
595,1.0,18,0.050000000000000044
596,1.0,17,0.050000000000000044
597,1.0,17,0.050000000000000044
598,1.0,19,0.050000000000000044
599,1.0,18,0.050000000000000044
